source,redirect
department,internal:/section
department/War-and-Antiwar,internal:/topic/17/3
department/Economy,internal:/topic/72
department/National,internal:/topic/129/3
department/International,internal:/topic/191/4
department/Opinion,internal:/section/editorials
department/Opinion/Editorials,internal:/section/editorials
department/History-and-Traditions,internal:/section/history-and-traditions
department/Labor,internal:/section/labor
department/Activist-News,internal:/section/activist-news
department/Readers%27-Views,internal:/section/readers'-views
department/Readers'-Views,internal:/section/readers'-views
department/Books-and-Entertainment,internal:/topic/284
department/Obrero-Socialista,internal:/section/obrero-socialista
department/Opinion/Anthony-Arnove,internal:/author/anthony-arnove
department/Opinion/Stanley-Howard,internal:/author/stanley-howard
department/Opinion/Dahr-Jamail,internal:/author/dahr-jamail
department/Opinion/Brian-Jones,internal:/author/brian-jones
department/Opinion/Danny-Katch,internal:/author/danny-katch
department/Opinion/John-Pilger,internal:/author/john-pilger
department/Opinion/Lance-Selfa,internal:/author/lance-selfa
department/Opinion/Sharon-Smith,internal:/author/sharon-smith
department/Opinion/Mark-Steel,internal:/author/mark-steel
department/Opinion/Keeanga-Yamahtta-Taylor,internal:/author/keeanga-yamahtta-taylor
department/Opinion/Sherry-Wolf,internal:/author/sherry-wolf
department/History-and-Traditions/Paul-D%27Amato,internal:/author/paul-d'amato
department/History-and-Traditions/Paul-D'Amato,internal:/author/paul-d'amato
department/History-and-Traditions/Todd-Chretien,internal:/author/todd-chretien
department/Books-and-Entertainment/Joe-Allen,internal:/author/joe-allen
department/Books-and-Entertainment/Helen-Scott,internal:/author/helen-scott
department/Books-and-Entertainment/Dave-Zirin,internal:/author/dave-zirin
recent/feed,internal:/recent/rss.xml
recent/feed2,internal:/recent/rss.xml
blog/critical-reading/rss.xml,internal:/recent/rss.xml
featured/marx-matters,internal:/section/history-and-traditions
featured/wisconsin,internal:/topic/4336
featured/witness-to-revolution,internal:/topic/65
featured/revolution-in-egypt,internal:/topic/65
featured/occupy,internal:/topic/28398
featured/schools,internal:/topic/170
featured/racism,internal:/topic/130
featured/womens-liberation,internal:/topic/154
featured/the-strangulation-of-gaza,internal:/topic/44
featured/the strangulation of gaza,internal:/topic/44
featured/the-housing-crisis,internal:/topic/2993
featured/the housing crisis,internal:/topic/2993
featured/the-obama-phenomenon,internal:/topic/3566
featured/the obama phenomenon,internal:/topic/3566
featured/the-occupation-of-iraq,internal:/topic/28
featured/the occupation of iraq,internal:/topic/28
featured/back-from-iraq-and-still-at-war,internal:/topic/38
featured/back from iraq and still at war,internal:/topic/38
featured/top-articles-of-2008,internal:/recent
featured/top articles of 2008,internal:/recent
featured/top-articles-of-2009,internal:/recent
featured/top articles of 2009,internal:/recent
featured/teachers,internal:/topic/187
