#queue_id,position,target_id
from_the_archives,1,32189
from_the_archives,2,34682
from_the_archives,3,25877
from_the_archives,4,28558
from_the_archives,5,29024
from_the_archives,6,29720
from_the_archives,7,33426
from_the_archives,8,32254
from_the_archives,9,14468
from_the_archives,10,33750
from_the_archives,11,34144
from_the_archives,12,34713
from_the_archives,13,35517
from_the_archives,14,36349
from_the_archives,15,36979
from_the_archives,16,37382
from_the_archives,17,37565
from_the_archives,18,38535
from_the_archives,19,6894
from_the_archives,20,26886
from_the_archives,21,11169
from_the_archives,22,10354
from_the_archives,23,28483
from_the_archives,24,26518
from_the_archives,25,24280
from_the_archives,26,20863
from_the_archives,27,36528
from_the_archives,28,12167
from_the_archives,29,20357
from_the_archives,30,19846
from_the_archives,31,16940
from_the_archives,32,15283
from_the_archives,33,15173
from_the_archives,34,14695
from_the_archives,35,12525
from_the_archives,36,7525
from_the_archives,37,11260
from_the_archives,38,5567
from_the_archives,39,5401
from_the_archives,40,5104
from_the_archives,41,5235
from_the_archives,42,38744
sidebar_media,1,38870
sidebar_media,2,38640
